title,description,department,priority,requesterName,assignee
Work Order Title 1,This is a detailed description for work order 1.,HR,LOW,Requester 1,Assignee 1
Work Order Title 2,This is a detailed description for work order 2.,HR,MEDIUM,Requester 2
Work Order Title 3,This is a detailed description for work order 3.,HR,MEDIUM,Requester 3,Assignee 3
Work Order Title 4,This is a detailed description for work order 4.,HR,HIGH,Requester 4
Work Order Title 5,This is a detailed description for work order 5.,SECURITY,MEDIUM,Requester 5,Assignee 5
Work Order Title 6,This is a detailed description for work order 6.,SECURITY,LOW,Requester 6
Work Order Title 7,This is a detailed description for work order 7.,SECURIT,MEDIUM,Requester 7,Assignee 7
Work Order Title 8,This is a detailed description for work order 8.,FACILITIES,LOW,Requester 8
Work Order Title 9,This is a detailed description for work order 9.,HR,MEDIUM,Requester 9,Assignee 9
Work Order Title 10,This is a detailed description for work order 10.,FACILITIE,HIGH,Requester 10